{"cameraMode":{"drawMode":0,"name":"Shaded","section":"Shading Mode"},"sceneLighting":true,"audioPlay":false,"sceneViewState":{"showFog":true,"showMaterialUpdate":true,"showSkybox":false,"showFlares":true,"showImageEffects":true,"showParticleSystems":true},"in2DMode":false,"pivot":{"x":1.1021060943603516,"y":15.298229217529297,"z":-6.32037878036499},"rotation":{"x":-0.036689817905426028,"y":0.9632970690727234,"z":-0.19057059288024903,"w":-0.18546001613140107},"size":3.034167528152466,"orthographic":false}